experiment,config,wall_seconds_median,wall_seconds_min,wall_seconds_max,cpu_seconds_median,peak_rss_mib_median,arpa_mib,ngram_counts,dev_ppl,test_ppl,repeats
E2,2-gram,3.053592371000036,2.892093966999994,3.3162299310000094,3.0,188.6953125,40.125948905944824,126784/1578188,396.9622631218869,391.40689704184723,5
E2,3-gram,5.519600276000006,4.7412404240000114,5.747337301000016,5.87,215.8671875,162.21111488342285,126784/1578188/3713968,279.5499999912959,278.8242056872757,5
E2,4-gram,8.553729345999955,8.395262598999977,9.29984261300001,10.52,238.94140625,366.3536138534546,126784/1578188/3713968/4743883,265.11733923948844,264.8042811868278,5
E2,5-gram,20.387251651999975,12.860727973999985,20.522056629999952,16.75,356.12109375,618.356707572937,126784/1578188/3713968/4743883/4982729,262.52837848712426,262.34274408234495,5
E2,6-gram,23.876011510000012,18.305434478000052,25.49173114000007,23.28,524.51953125,898.7832279205322,126784/1578188/3713968/4743883/4982729/4935637,262.1583699916442,262.00253369625784,5
E3,3-gram prune 0 0 1,3.7694894399999157,3.6400956720000295,3.7921693370000185,4.31,214.34765625,61.311490058898926,126784/1578188/574919,296.3841071527148,294.2941355899673,5
E3,5-gram prune 0 0 1 1 1,6.781242495000015,6.430914488999974,7.259802850000028,9.65,355.4140625,87.54883861541748,126784/1578188/574919/358618/209541,283.95959168040633,282.09659058467105,5
E4,3-gram -S 128M,5.744082601000059,5.568697091999979,6.367107551999993,6.5,154.86328125,162.21111488342285,126784/1578188/3713968,,,5
E4,3-gram -S 512M,5.191958891000013,4.850737023000079,5.428934511999955,5.84,214.48046875,162.21111488342285,126784/1578188/3713968,,,5
E4,3-gram -S 1G,5.360255578999954,5.2136735179999505,5.632823349000091,5.960000000000001,332.8203125,162.21111488342285,126784/1578188/3713968,,,5
E5,100417 words 2-gram,0.156158577000042,0.11168165499998395,0.28521675299998606,0.12,161.9765625,1.822723388671875,13282/63579,877.577382792085,847.3294366375179,5
E5,100417 words 3-gram,0.21076137699992614,0.1563143979999495,0.26600055400012934,0.2,142.71875,5.022167205810547,13282/63579/89445,826.4030916082601,799.7368465629974,5
E5,100417 words 5-gram,0.28288817900011054,0.25588698799992926,0.34915326500004085,0.32,118.34765625,14.039926528930664,13282/63579/89445/93108/91163,823.1396328541816,796.6186678336551,5
E5,250013 words 2-gram,0.22811983600013264,0.18573061200004304,0.24468177600010677,0.2,166.45703125,3.730287551879883,22697/136873,764.8550291503473,738.8891968850778,5
E5,250013 words 3-gram,0.37508305599999403,0.32180744900006175,0.39625679499999933,0.39999999999999997,147.25390625,11.334243774414062,22697/136873/213103,696.7679333489443,676.7209868942972,5
E5,250013 words 5-gram,0.5508514340001511,0.4690757500000018,0.5949459949999891,0.73,123.7109375,32.62772083282471,22697/136873/213103/228895/225715,691.5246905181252,671.5347628641658,5
E5,500280 words 2-gram,0.4414635329999328,0.33429965799996353,0.48887372400008644,0.36000000000000004,168.1484375,6.424407958984375,33567/241758,662.1305112027042,641.7286879364317,5
E5,500280 words 3-gram,0.601490831999854,0.5935084279999501,0.6570145069999853,0.65,151.04296875,20.71660614013672,33567/241758/407496,581.8025079567113,565.584961938174,5
E5,500280 words 5-gram,1.0292837910001253,0.9187170119998882,1.204140151000047,1.3900000000000001,130.0703125,63.5936975479126,33567/241758/407496/450755/448857,573.9296277303603,558.3236947672399,5
E5,1000340 words 2-gram,0.6710291229999257,0.5939010999998118,0.705558222000036,0.65,170.625,10.90405559539795,49084/416885,570.4973687303899,552.5485329968205,5
E5,1000340 words 3-gram,1.1403951060001418,1.0672454119999202,1.1442914860001565,1.28,159.02734375,37.067152976989746,49084/416885/767896,476.93648146087634,464.3899898247272,5
E5,1000340 words 5-gram,2.1203702630000407,1.7618566710000323,3.6039188170000216,2.9499999999999997,143.43359375,120.59061527252197,49084/416885/767896/879373/886096,466.3968159481513,454.6167812800936,5
E5,2000157 words 2-gram,1.1642696799999612,1.09698935099982,1.3373924560000887,1.12,174.4609375,18.25285530090332,71308/708405,490.40641973348227,478.5350253963714,5
E5,2000157 words 3-gram,2.0324208770000496,1.933251380999991,2.1890776350001033,2.29,169.89453125,66.29368877410889,71308/708405/1433016,386.27226008194236,379.48715990868686,5
E5,2000157 words 5-gram,3.9763866509999843,3.520008125000004,4.355924868999864,5.59,166.84765625,230.09111976623535,71308/708405/1433016/1706866/1744693,373.03585175194866,366.92926288950844,5
E5,4000283 words 2-gram,1.86630465799999,1.7376069200001893,1.958357185000068,1.82,182.5390625,30.250357627868652,102949/1187004,425.4362410222226,419.5586956904448,5
E5,4000283 words 3-gram,3.1452219840000453,3.0071287089999714,4.110859550999976,3.4400000000000004,195.04296875,117.88432884216309,102949/1187004/2646867,312.5120568140004,311.37483935605957,5
E5,4000283 words 5-gram,8.047292527000081,7.241555108000284,10.627445783999974,10.64,251.1328125,435.0086030960083,102949/1187004/2646867/3293378/3424357,296.9773997308528,296.3026664271782,5
E5,5884857 words 2-gram,2.6982616630002667,2.6479633619997003,3.0459284749999824,2.72,188.60546875,40.125948905944824,126784/1578188,396.9622631218869,391.40689704184723,5
E5,5884857 words 3-gram,5.346783921000224,5.032738997999786,7.057731472999876,6.05,215.921875,162.21111488342285,126784/1578188/3713968,279.5499999912959,278.8242056872757,5
E5,5884857 words 5-gram,12.752987524999753,11.372850967999966,14.526914964000298,16.88,354.8046875,618.356707572937,126784/1578188/3713968/4743883/4982729,262.52837848712426,262.34274408234495,5
